<?xml version="1.0" encoding="UTF-8"?>
<project-private xmlns="http://www.netbeans.org/ns/project-private/1">
    <editor-bookmarks xmlns="http://www.netbeans.org/ns/editor-bookmarks/1">
        <file>
            <url>src/com/cydsoft/databasemodeler/ModelerMainFrame.java</url>
            <line>0</line>
        </file>
        <file>
            <url>src/com/cydsoft/databasemodeler/NewProjectDialog.java</url>
            <line>0</line>
        </file>
    </editor-bookmarks>
</project-private>
